{
  "feature_cols": [
    "Age",
    "Gender",
    "Ethnicity",
    "EducationLevel",
    "BMI",
    "Smoking",
    "AlcoholConsumption",
    "PhysicalActivity",
    "DietQuality",
    "SleepQuality",
    "FamilyHistoryAlzheimers",
    "CardiovascularDisease",
    "Diabetes",
    "Depression",
    "HeadInjury",
    "Hypertension",
    "SystolicBP",
    "DiastolicBP",
    "CholesterolTotal",
    "CholesterolLDL",
    "CholesterolHDL",
    "CholesterolTriglycerides",
    "MMSE",
    "FunctionalAssessment",
    "MemoryComplaints",
    "BehavioralProblems",
    "ADL",
    "Confusion",
    "Disorientation",
    "PersonalityChanges",
    "DifficultyCompletingTasks",
    "Forgetfulness"
  ],
  "feature_importance": {
    "FunctionalAssessment": 0.23001856766380846,
    "ADL": 0.22189369836881204,
    "MMSE": 0.19070983788358337,
    "MemoryComplaints": 0.11719275320679604,
    "BehavioralProblems": 0.08632002621339188,
    "DietQuality": 0.01571260460244646,
    "CholesterolHDL": 0.013615144424915425,
    "PhysicalActivity": 0.013089398319963929,
    "CholesterolTriglycerides": 0.012638903504082729,
    "CholesterolTotal": 0.01246621717862689,
    "SleepQuality": 0.01230956507049823,
    "CholesterolLDL": 0.011907090196179953,
    "BMI": 0.011352133892917966,
    "AlcoholConsumption": 0.010955747712331924,
    "Age": 0.008811038117618318,
    "SystolicBP": 0.0085821645108138,
    "DiastolicBP": 0.007886834687703312,
    "EducationLevel": 0.0028436008223354818,
    "Ethnicity": 0.0019068193522331271,
    "Gender": 0.0013321506381386728,
    "CardiovascularDisease": 0.0011282062270630941,
    "Forgetfulness": 0.0010803825266781967,
    "Smoking": 0.000964984004322844,
    "Diabetes": 0.0008052860783312349,
    "Hypertension": 0.0006902372603554026,
    "FamilyHistoryAlzheimers": 0.000682696944447032,
    "Depression": 0.0006413820975080056,
    "Confusion": 0.0005809825765525886,
    "DifficultyCompletingTasks": 0.0005480665557130934,
    "Disorientation": 0.000541434110760075,
    "PersonalityChanges": 0.0005370698409647224,
    "HeadInjury": 0.00025497541010574353
  },
  "healthy_mean": {
    "Age": 74.94528437724982,
    "Gender": 0.5140388768898488,
    "Ethnicity": 0.7084233261339092,
    "EducationLevel": 1.3160547156227502,
    "BMI": 27.515092213630993,
    "Smoking": 0.29013678905687545,
    "AlcoholConsumption": 10.07188005238948,
    "PhysicalActivity": 4.907640431385495,
    "DietQuality": 4.974839213569465,
    "SleepQuality": 7.124831737254328,
    "FamilyHistoryAlzheimers": 0.26277897768178543,
    "CardiovascularDisease": 0.13606911447084233,
    "Diabetes": 0.15910727141828654,
    "Depression": 0.20230381569474443,
    "HeadInjury": 0.09719222462203024,
    "Hypertension": 0.1396688264938805,
    "SystolicBP": 134.5644348452124,
    "DiastolicBP": 89.77897768178546,
    "CholesterolTotal": 224.99634158405772,
    "CholesterolLDL": 125.36143448327559,
    "CholesterolHDL": 58.73483220367713,
    "CholesterolTriglycerides": 226.57153713225543,
    "MMSE": 16.26554296165207,
    "FunctionalAssessment": 5.860669040443341,
    "MemoryComplaints": 0.11591072714182865,
    "BehavioralProblems": 0.0964722822174226,
    "ADL": 5.707951396076796,
    "Confusion": 0.210943124550036,
    "Disorientation": 0.16486681065514758,
    "PersonalityChanges": 0.156227501799856,
    "DifficultyCompletingTasks": 0.156227501799856,
    "Forgetfulness": 0.30165586753059753
  },
  "healthy_std": {
    "Age": 8.904708530597318,
    "Gender": 0.49998288292072895,
    "Ethnicity": 1.0024866227212403,
    "EducationLevel": 0.9047791695807402,
    "BMI": 7.171292533896997,
    "Smoking": 0.4539887851149448,
    "AlcoholConsumption": 5.753469163424196,
    "PhysicalActivity": 2.869635007949542,
    "DietQuality": 2.908802454686277,
    "SleepQuality": 1.7641962193732783,
    "FamilyHistoryAlzheimers": 0.44030189501162414,
    "CardiovascularDisease": 0.3429854280655106,
    "Diabetes": 0.3659078294287922,
    "Depression": 0.4018622247576389,
    "HeadInjury": 0.2963260258557157,
    "Hypertension": 0.3467679585057483,
    "SystolicBP": 25.94640179116858,
    "DiastolicBP": 17.671415442402292,
    "CholesterolTotal": 42.196668010876145,
    "CholesterolLDL": 43.42148924616625,
    "CholesterolHDL": 23.061410219630037,
    "CholesterolTriglycerides": 101.9121449426079,
    "MMSE": 8.933232714942413,
    "FunctionalAssessment": 2.7609995791231703,
    "MemoryComplaints": 0.32023313388239877,
    "BehavioralProblems": 0.2953441725293071,
    "ADL": 2.8265015885681395,
    "Confusion": 0.4081250307332049,
    "Disorientation": 0.37119394206055895,
    "PersonalityChanges": 0.3632016533566872,
    "DifficultyCompletingTasks": 0.36320165335668725,
    "Forgetfulness": 0.45914200108980957
  },
  "metrics": {
    "rf_cv_auc_mean": 0.9524,
    "rf_cv_auc_std": 0.0068,
    "rf_cv_acc_mean": 0.9493,
    "gb_cv_auc_mean": 0.9487,
    "gb_cv_auc_std": 0.0108,
    "gb_cv_acc_mean": 0.9525,
    "ensemble_train_auc": 0.9984,
    "best_model": "rf"
  }
}